sequence_id,panel_1,panel_2,panel_3,panel_4
s00000,00002d14,00002d2e,00002d50,00002d57
s00001,00002d2f,00002d47,00002d25,00002d1b
s00002,00002d31,00002d53,00002d24,00002d21
s00003,00002d61,00002d37,00002d3a,00002d59
s00004,00002d66,00002d67,00002d64,00002d76
s00005,00002d6c,00002d7e,00002d68,00002d77
s00006,00002db0,00002dce,00002e0e,00002df6
s00007,00002dd5,00002df8,00002de7,00002db6
s00008,00002df0,00002df2,00002e0d,00002ded
s00009,00002e01,00002dc0,00002df3,00002dc4
s00010,00002e1a,00002e4e,00002e2f,00002e50
s00011,00002e2e,00002e15,00002e33,00002e19
s00012,00002e7f,00002ea9,00002e97,00002e68
s00013,00002e9b,00002e95,00002e74,00002e58
s00014,00002e9e,00002eac,00002e79,00002e7c
s00015,00002eb1,00002e6c,00002e85,00002e82
s00016,00002ec9,00002eca,00002ef4,00002ef7
s00017,00002ee4,00002ee0,00002efd,00002ee3
s00018,00002f46,00002f39,00002f6f,00002f64
s00019,00002f48,00002f62,00002f65,00002f21
s00020,00002f4f,00002f2a,00002f66,00002f58
s00021,00002f70,00002f68,00002f5c,00002f51
s00022,00002f9e,00002f92,00002f96,00002f91
s00023,00002fa5,00002f8e,00002f88,00002f81
s00024,00002fe2,00003021,00003015,00002ff4
s00025,00002ffe,00002fd3,0000300e,00003016
s00026,00003004,00002fcf,00002fef,00003000
s00027,0000300b,00002ff6,00002fe6,00002feb
s00028,00003036,00003038,0000302a,00003050
s00029,0000303f,00003053,0000303c,0000302e
s00030,0000307a,000030b0,000030c6,000030c7
s00031,000030ac,000030ca,00003081,0000307e
s00032,000030c2,000030cb,000030a3,000030a2
s00033,000030d0,0000309b,000030bc,000030cc
s00034,000030fe,000030f1,000030e1,000030e3
s00035,00003106,000030d3,000030d7,00003103
s00036,00003149,00003181,00003176,0000316e
s00037,0000315c,00003173,0000318a,00003154
s00038,00003166,00003159,0000316c,00003192
s00039,0000318d,0000314e,00003189,00003163
s00040,000031d8,000031c3,000031ac,000031d0
s00041,000031e1,000031d1,000031be,000031bb
s00042,00003218,0000321e,0000321f,00003251
s00043,00003232,0000324e,00003255,00003217
s00044,00003242,00003233,00003205,0000320a
s00045,00003248,00003223,0000323f,00003220
s00046,00003264,0000326a,0000329a,00003283
s00047,00003267,00003277,0000326b,00003287
s00048,000032d9,000032cf,00003320,000032de
s00049,000032dd,000032f0,00003326,000032e4
s00050,00003302,00003310,000032e3,0000332b
s00051,00003313,0000330e,00003309,000032e7
s00052,00003342,00003335,00003345,0000334f
s00053,00003348,0000337e,0000337b,0000336b
s00054,0000334b,0000335d,00003391,00003358
s00055,00003362,0000338b,00003364,0000338d
s00056,000033ab,000033d6,000033b7,000033d5
s00057,000033ac,000033ce,0000339f,000033db
s00058,000033ad,000033da,000033c1,000033a1
s00059,000033bc,000033cb,000033b5,000033a8
s00060,00003426,00003432,00003423,0000342c
s00061,0000342b,00003445,0000346a,0000342f
s00062,0000345f,00003428,0000342e,00003431
s00063,0000346b,00003449,0000346c,0000346e
s00064,00003478,00003494,00003477,00003471
s00065,0000348a,0000347c,00003495,00003498
s00066,000034ba,000034df,000034ed,000034d5
s00067,000034c4,0000350a,000034e9,000034d9
s00068,000034ef,00003506,000034e0,000034b2
s00069,000034f8,000034cf,00003507,000034bb
s00070,00003513,00003528,00003543,00003547
s00071,00003520,0000352e,00003563,00003555
s00072,00003524,0000353b,00003549,00003548
s00073,00003562,00003519,00003540,00003565
s00074,0000356c,00003578,000035a0,000035a4
s00075,00003594,00003592,00003591,000035b0
s00076,000035ac,000035bc,0000358b,00003579
s00077,000035c0,000035b4,0000359a,000035a1
s00078,00003709,0000370f,00003716,00003756
s00079,00003725,00003747,0000375a,00003755
s00080,0000373b,00003753,0000373c,00003742
s00081,00003746,00003757,0000374b,000036f9
s00082,0000376c,00003773,00003787,0000379c
s00083,0000379d,000037a7,00003790,000037a0
s00084,000037a5,00003791,0000379b,000037ae
s00085,000037bd,0000378d,00003775,00003784
s00086,000037c4,00003802,00003805,000037c0
s00087,000037ca,000037dd,00003810,0000382d
s00088,000037f6,00003824,000037fe,0000382e
s00089,0000380a,000037d6,000037cf,000037df
s00090,00003879,0000389c,000038c6,000038c8
s00091,00003889,000038cc,00003888,000038d2
s00092,00003897,00003887,0000389e,000038bf
s00093,000038a2,000038a0,000038b2,000038a3
s00094,000038e2,0000391d,00003905,0000391e
s00095,000038f3,0000392c,000038d7,000038ed
s00096,000038fe,00003908,00003921,00003917
s00097,00003931,0000391a,00003913,000038de
s00098,00003953,00003961,00003952,00003965
s00099,00003972,0000393e,00003959,0000394d
s00100,000039d6,000039d4,00003a0a,000039d8
s00101,000039e3,000039d3,000039fc,000039e0
s00102,000039f4,00003a04,00003a11,000039fe
s00103,000039f6,00003a02,000039e8,000039ca
s00104,00003a2a,00003a46,00003a53,00003a4e
s00105,00003a34,00003a4d,00003a2b,00003a65
s00106,00003a38,00003a1e,00003a68,00003a1f
s00107,00003a5c,00003a51,00003a30,00003a69
s00108,00003a70,00003a82,00003aa0,00003a9e
s00109,00003a76,00003aa2,00003a80,00003a90
s00110,00003a84,00003a7d,00003a9a,00003aa9
s00111,00003aa8,00003a97,00003a75,00003a79
s00112,00003b0e,00003b23,00003b20,00003b33
s00113,00003b17,00003afc,00003b34,00003b2a
s00114,00003b24,00003b4d,00003afe,00003b54
s00115,00003b29,00003b25,00003b13,00003b0c
s00116,00003b57,00003bbe,00003b65,00003b8c
s00117,00003b72,00003b58,00003b69,00003b63
s00118,00003ba6,00003b93,00003bb3,00003b9c
s00119,00003bbd,00003b7d,00003baa,00003b86
s00120,00003be5,00003bf2,00003c05,00003bd5
s00121,00003bfb,00003be0,00003bd4,00003bd3
s00122,00003c04,00003bed,00003bc2,00003bef
s00123,00003c0a,00003bc1,00003bfa,00003bf0
s00124,00003c63,00003c83,00003c81,00003c78
s00125,00003c67,00003c6c,00003c86,00003c96
s00126,00003cb8,00003caa,00003cd0,00003cdc
s00127,00003cbe,00003cbf,00003ce4,00003ca8
s00128,00003cce,00003cc7,00003ca1,00003cbc
s00129,00003cd9,00003c9d,00003cbb,00003cc4
s00130,00003d0d,00003d31,00003d36,00003cff
s00131,00003d41,00003d43,00003d21,00003d05
s00132,00003d95,00003dea,00003de4,00003df4
s00133,00003da9,00003d99,00003dc0,00003dfe
s00134,00003dde,00003dd4,00003dfc,00003de1
s00135,00003de7,00003dcc,00003dd0,00003ddd
s00136,00003e24,00003e28,00003e46,00003e4c
s00137,00003e26,00003e45,00003e14,00003e2d
s00138,00003e92,00003e97,00003e9d,00003e7a
s00139,00003e9c,00003ed0,00003ecf,00003eb1
s00140,00003ea0,00003ec1,00003e76,00003ec5
s00141,00003ea9,00003eb5,00003e75,00003eaf
s00142,00003efb,00003f04,00003f29,00003f07
s00143,00003f0f,00003ee2,00003eee,00003edf
s00144,00003f17,00003efc,00003f2f,00003f31
s00145,00003f27,00003f13,00003efa,00003f2e
s00146,00003f4b,00003f47,00003f52,00003f75
s00147,00003f4c,00003f79,00003f6f,00003f39
s00148,00003f5f,00003f48,00003f62,00003f4e
s00149,00003f72,00003f56,00003f81,00003f87
s00150,00030f41,00030f4c,00030efd,00030f0a
s00151,00030f6c,00030f16,00030f1a,00030f2e
s00152,00030f92,00030f81,00030fb2,00030fa4
s00153,00030fd5,00030fda,00030fbc,00030f88
s00154,00031009,00030ff8,00030fed,00031008
s00155,0003101f,00031024,0003101a,00030ff9
s00156,000310c6,000310f1,00031133,00031126
s00157,00031109,000310d6,000310d3,000310e1
s00158,00031237,00031216,00031251,00031238
s00159,0003125a,00031236,0003120e,000311e6
s00160,00031276,00031278,000312a1,00031293
s00161,0003127a,0003128e,00031291,00031280
s00162,000312c6,00031329,00031330,000312f9
s00163,000312e8,0003132a,000312c8,00031300
s00164,000312ff,00031358,00031305,000312fa
s00165,00031335,000312d8,0003134a,000312ea
s00166,000313f9,000313df,00031410,0003142f
s00167,00031402,00031411,00031436,0003143b
s00168,00031416,00031429,00031459,0003140a
s00169,00031451,00031437,000313fe,00031418
s00170,000314e7,000314fa,000314e9,000314ff
s00171,000314e8,00031505,0003152e,000314f8
s00172,00031590,0003159e,00031583,00031554
s00173,000315ab,00031575,0003154b,0003156a
s00174,000315cf,00031626,000315e8,00031624
s00175,000315fa,00031609,000315b0,000315c8
s00176,0003161e,000315fb,00031621,000315e1
s00177,00031627,00031638,000315bf,000315c9
s00178,00031640,000316a4,00031643,00031664
s00179,0003167f,000316c2,000316b8,00031693
s00180,00031696,00031682,0003169a,000316a2
s00181,000316a9,0003166b,0003167a,00031680
s00182,000316c4,000316d1,0003171b,000316d2
s00183,000316df,000316c6,00031734,00031731
s00184,00031753,000317ac,0003176f,00031792
s00185,0003178b,000317a5,000317a3,0003173f
s00186,0003179a,000317a2,0003175b,00031793
s00187,0003179d,0003175f,00031786,00031766
s00188,0003182a,0003183e,0003189e,0003184d
s00189,00031839,00031878,0003185b,0003186a
s00190,00031855,0003181b,0003182d,00031883
s00191,000318a3,00031833,0003183c,00031826
s00192,00031919,000318c1,000318b1,00031912
s00193,0003191f,000318be,000318d4,0003191b
s00194,00031920,000318e2,000318ab,000318e3
s00195,00031922,00031904,0003191e,000318dd
s00196,00031952,00031970,000319a7,00031965
s00197,00031987,00031957,00031953,0003198e
s00198,000319cb,000319e1,000319e3,000319f7
s00199,000319f1,00031a07,00031a06,000319c0
s00200,000319f8,000319bb,00031a1c,000319c6
s00201,00031a03,000319c7,00031a1f,000319f2
s00202,00031a55,00031a2c,00031a52,00031a6a
s00203,00031a58,00031a57,00031a6b,00031a73
s00204,00031ae7,00031aee,00031b1c,00031afb
s00205,00031b18,00031b0b,00031ae6,00031ac4
s00206,00031b49,00031b53,00031b6c,00031b28
s00207,00031b68,00031b3a,00031b6d,00031b5b
s00208,00031ba6,00031bd0,00031c19,00031bbf
s00209,00031bd8,00031bce,00031c12,00031be0
s00210,00031c0f,00031c2d,00031bef,00031be4
s00211,00031c23,00031bea,00031c04,00031c1d
s00212,00031c68,00031c8f,00031c7c,00031c8b
s00213,00031c76,00031c83,00031c40,00031c63
s00214,00031ccc,00031d34,00031ce8,00031d0b
s00215,00031ce0,00031caa,00031ca5,00031d28
s00216,00031d13,00031d12,00031cc2,00031cf8
s00217,00031d21,00031ceb,00031cd9,00031d0e
s00218,00031d69,00031d8e,00031d41,00031d51
s00219,00031d88,00031d5f,00031d75,00031d65
s00220,00031dea,00031db0,00031dfb,00031e16
s00221,00031dfc,00031dbe,00031da9,00031db5
s00222,00031e14,00031dfd,00031df5,00031e01
s00223,00031e1b,00031dae,00031dc5,00031da6
s00224,00031e34,00031e4e,00031e47,00031e39
s00225,00031e35,00031e3b,00031e79,00031e86
s00226,00031e8f,00031eb2,00031f0a,00031f04
s00227,00031e9a,00031f06,00031f0b,00031eb3
s00228,00031eaf,00031ec9,00031ed2,00031f13
s00229,00031ec4,00031ee7,00031efb,00031e96
s00230,00031f41,00031f7a,00031f2c,00031f53
s00231,00031f54,00031f5a,00031f6c,00031f21
s00232,00031fb0,00031f9f,00031f97,00031fee
s00233,00031fbf,00031fa1,00031f98,00031fa4
s00234,00031fc4,00031fc9,00031ff7,00031ff9
s00235,00031fc8,00031ff0,00031fb1,00031fbd
s00236,0003202a,00032019,00032049,00032046
s00237,00032071,0003200e,00032069,00032014
s00238,0003208f,000320f9,000320ab,000320dd
s00239,00032094,000320ee,000320a9,0003209e
s00240,00032099,000320ec,000320b1,000320a7
s00241,000320e3,00032074,000320fc,000320e6
s00242,00032106,0003215b,00032144,00032104
s00243,00032131,0003211f,00032119,00032135
s00244,00032183,000321ae,00032178,0003216c
s00245,00032193,000321bb,00032195,00032190
s00246,000321df,00032174,0003218c,00032189
s00247,000321e1,00032166,000321ce,0003216a
s00248,00032201,00032234,0003221b,00032211
s00249,00032245,00032224,0003222d,00032252
s00250,00032298,000322bd,00032276,0003229b
s00251,000322ad,000322b5,000322a3,000322d1
s00252,000322b1,000322c1,00032286,0003225f
s00253,000322b6,00032296,000322a6,00032264
s00254,0003232d,00032325,000322f3,0003232e
s00255,00032330,00032333,00032342,000322e9
s00256,00032353,00032388,00032378,0003234d
s00257,00032377,000323aa,0003235a,00032386
s00258,0003237c,000323af,0003235f,00032360
s00259,0003237e,000323a5,00032354,00032355
s00260,000323ce,000323cb,000323d0,000323d5
s00261,000323fb,000323f1,000323dd,000323c3
s00262,0003243d,00032429,0003248e,0003247e
s00263,00032441,0003241a,00032467,00032473
s00264,0003246d,00032437,00032492,000324a0
s00265,000324ac,0003246f,00032457,00032431
s00266,000324be,000324e4,000324d0,000324dd
s00267,000324df,000324d4,000324e7,00032504
s00268,00032519,00032531,0003256e,0003256a
s00269,00032540,00032567,0003258b,0003252f
s00270,00032548,00032572,0003251d,0003251a
s00271,0003257a,00032560,00032518,00032550
s00272,000325aa,000325a9,000325a8,000325e8
s00273,000325ac,000325d7,000325f3,000325a6
s00274,0003262b,00032667,00032660,00032671
s00275,0003262f,0003267d,0003269b,00032688
s00276,00032644,00032694,00032631,00032697
s00277,0003265d,0003262e,0003264b,0003263e
s00278,000326a1,000326b5,000326f7,00032703
s00279,000326b3,000326cd,000326f3,00032700
s00280,00032717,0003273c,00032739,00032773
s00281,00032745,0003272b,00032753,00032755
s00282,00032752,0003272a,00032731,0003270a
s00283,00032763,00032754,00032721,00032762
s00284,000327b6,00032799,000327b0,00032786
s00285,000327d6,00032794,0003279c,000327a6
s00286,000327fb,000327e3,0003283b,0003284d
s00287,0003280f,00032824,000327e6,00032857
s00288,00032822,00032808,00032825,00032856
s00289,00032858,000327f2,0003280d,00032834
s00290,0003288e,00032889,000328a9,0003289d
s00291,000328c2,0003286f,000328a4,00032887
s00292,000328e4,00032950,000328d0,000328dc
s00293,000328e5,00032956,000328ff,000328fc
s00294,000328fd,000328e2,000328ca,000328fb
s00295,0003294b,00032945,000328f2,0003292d
s00296,0003297d,0003297e,0003299a,00032997
s00297,00032980,000329a8,000329a2,0003296c
s00298,000329d4,00032a35,00032a3c,000329d0
s00299,000329e0,000329c4,000329c5,00032a13
s00300,000329eb,000329d2,000329f5,000329e4
s00301,00032a38,00032a27,00032a0b,00032a19
s00302,00032a53,00032a41,00032a67,00032a42
s00303,00032a77,00032a89,00032a56,00032a62
s00304,00032ac1,00032ad5,00032acd,00032b23
s00305,00032ad4,00032af1,00032af5,00032af7
s00306,00032b22,00032ad0,00032ae0,00032b16
s00307,00032b29,00032b18,00032af6,00032af8
s00308,00032b50,00032b56,00032b40,00032b3b
s00309,00032b68,00032b7c,00032b8f,00032b94
s00310,00032bf8,00032c0a,00032b99,00032bde
s00311,00032c09,00032bd0,00032c0b,00032bd3
s00312,00032c34,00032c20,00032c4b,00032c23
s00313,00032c40,00032c29,00032c55,00032c58
s00314,0004d8b7,0004d8c6,0004d8b8,0004d8b4
s00315,0004d8d1,0004d940,0004d91f,0004d900
s00316,0004d8f0,0004d8d3,0004d8da,0004d8fc
s00317,0004d90c,0004d94f,0004d906,0004d8ec
s00318,0004d94c,0004d942,0004d8d4,0004d8d7
s00319,0004d963,0004d995,0004d986,0004d966
s00320,0004d969,0004d96d,0004d96e,0004d973
s00321,0004d96c,0004d98f,0004d975,0004d994
s00322,0004d9d3,0004d9cf,0004d9bf,0004d9c8
s00323,0004d9df,0004d9b4,0004d9f0,0004d9b0
s00324,0004d9fb,0004d9d1,0004d9e8,0004d9cc
s00325,0004da25,0004da69,0004d9fe,0004d9ff
s00326,0004da3c,0004da36,0004da1c,0004da1d
s00327,0004da4d,0004da3f,0004da4f,0004da4c
s00328,0004da64,0004da0d,0004da55,0004da46
s00329,0004da85,0004da95,0004da87,0004da91
s00330,0004da98,0004daad,0004dab5,0004da8d
s00331,0004dabc,0004dab7,0004da7f,0004da7d
s00332,0004daeb,0004daed,0004dae0,0004db24
s00333,0004daef,0004daca,0004db09,0004dad9
s00334,0004db0e,0004dacb,0004daf2,0004dad4
s00335,0004db47,0004db58,0004db27,0004db7b
s00336,0004db5f,0004db28,0004db60,0004db53
s00337,0004db6c,0004db45,0004db36,0004db54
s00338,0004db77,0004db82,0004db68,0004db6d
s00339,0004dba1,0004dbc0,0004dbb1,0004dbd7
s00340,0004dbd1,0004db9a,0004dbd2,0004dbd6
s00341,0004dbd5,0004dbac,0004db98,0004dbcb
s00342,0004dbe9,0004dbf5,0004dc27,0004dbf6
s00343,0004dc03,0004dc41,0004dc07,0004dc3e
s00344,0004dc06,0004dc3a,0004dbfb,0004dc02
s00345,0004dc44,0004dca9,0004dc45,0004dc54
s00346,0004dc4b,0004dca2,0004dc48,0004dc81
s00347,0004dc78,0004dc83,0004dc9b,0004dc71
s00348,0004dc7d,0004dc76,0004dc8b,0004dc9c
s00349,0004dcca,0004dcde,0004dcdd,0004dcbc
s00350,0004dcd3,0004dcfb,0004dd01,0004dcf0
s00351,0004dce7,0004dccb,0004dced,0004dcd8
s00352,0004dd06,0004dd2b,0004dd07,0004dd32
s00353,0004dd15,0004dd46,0004dd4a,0004dd1a
s00354,0004dd22,0004dd25,0004dd27,0004dd1d
s00355,0004dd66,0004dd80,0004dd9a,0004dd84
s00356,0004dd82,0004dd9f,0004dd91,0004dd87
s00357,0004dd94,0004dd8b,0004ddb9,0004dd8a
s00358,0004dd99,0004dda9,0004dd8d,0004dda0
s00359,0004ddd3,0004ddd2,0004ddf8,0004ddc2
s00360,0004ddda,0004ddf2,0004dddb,0004de07
s00361,0004de02,0004ddec,0004ddca,0004dde4
s00362,0004de27,0004de29,0004de2a,0004de23
s00363,0004de5e,0004de1a,0004de1c,0004de1d
s00364,0004de66,0004de4f,0004de2c,0004de17
s00365,0004de79,0004dec9,0004deb7,0004de72
s00366,0004debb,0004deda,0004de73,0004de97
s00367,0004dec8,0004dead,0004de84,0004deb1
s00368,0004decb,0004de90,0004dea4,0004de8d
s00369,0004df00,0004def8,0004df32,0004df16
s00370,0004df04,0004def0,0004df23,0004df1f
s00371,0004df28,0004df0b,0004df0d,0004df1b
s00372,0004df5b,0004df71,0004df62,0004df44
s00373,0004df6c,0004df70,0004df7a,0004df58
s00374,0004df7d,0004df67,0004df68,0004df4d
s00375,0004df8f,0004df9c,0004dfd8,0004dfa9
s00376,0004dfa4,0004dfb8,0004dfb7,0004dfa5
s00377,0004dfac,0004dfa7,0004dfb9,0004dfe2
s00378,0004dfe1,0004dfae,0004dfb4,0004df89
s00379,0004dff8,0004dfed,0004dfea,0004e037
s00380,0004e015,0004dffd,0004e006,0004dff3
s00381,0004e023,0004e03c,0004e018,0004e02f
s00382,0004e03f,0004e077,0004e088,0004e08a
s00383,0004e046,0004e04a,0004e08f,0004e095
s00384,0004e09e,0004e05e,0004e082,0004e073
s00385,0004e0a8,0004e0dc,0004e102,0004e0df
s00386,0004e0e2,0004e0a5,0004e0f4,0004e0c6
s00387,0004e0e5,0004e0a6,0004e0f3,0004e0fb
s00388,0004e109,0004e0b8,0004e0b3,0004e0ca
s00389,0004e129,0004e132,0004e112,0004e142
s00390,0004e149,0004e122,0004e12d,0004e130
s00391,0004e157,0004e13b,0004e117,0004e159
s00392,0004e16e,0004e184,0004e166,0004e196
s00393,0004e172,0004e190,0004e170,0004e193
s00394,0004e18c,0004e168,0004e189,0004e187
s00395,0004e1ae,0004e1de,0004e1d3,0004e1ad
s00396,0004e1cf,0004e1f9,0004e1f3,0004e1a7
s00397,0004e1e1,0004e1b5,0004e1bc,0004e1ef
s00398,0004e1e4,0004e1ba,0004e1ed,0004e1c2
s00399,0004e1fb,0004e252,0004e206,0004e249
s00400,0004e222,0004e22b,0004e241,0004e23f
s00401,0004e253,0004e237,0004e212,0004e219
s00402,0004e264,0004e29d,0004e26f,0004e254
s00403,0004e28e,0004e25e,0004e27b,0004e27f
s00404,0004e299,0004e28d,0004e25c,0004e27e
s00405,0004e2a7,0004e2a0,0004e2d0,0004e2c0
s00406,0004e2b2,0004e2e3,0004e2c2,0004e2d9
s00407,0004e2ba,0004e2f8,0004e308,0004e30a
s00408,0004e307,0004e2ef,0004e2c3,0004e2ca
s00409,0004e33f,0004e369,0004e33e,0004e344
s00410,0004e368,0004e315,0004e339,0004e33a
s00411,0004e374,0004e32b,0004e330,0004e331
s00412,0004e392,0004e385,0004e384,0004e396
s00413,0004e3b6,0004e3be,0004e388,0004e390
s00414,0004e3c8,0004e3f2,0004e41a,0004e42e
s00415,0004e3ec,0004e3cb,0004e408,0004e3ce
s00416,0004e406,0004e3ef,0004e409,0004e407
s00417,0004e414,0004e3cc,0004e432,0004e412
s00418,0004e438,0004e443,0004e47e,0004e450
s00419,0004e469,0004e45a,0004e437,0004e445
s00420,0004e479,0004e454,0004e480,0004e43e
s00421,0004e495,0004e4a0,0004e4d3,0004e4be
s00422,0004e49c,0004e4bb,0004e4c9,0004e4d6
s00423,0004e4bc,0004e4b6,0004e4ae,0004e498
s00424,0004e527,0004e50d,0004e4e1,0004e530
s00425,0004e532,0004e551,0004e4f9,0004e54c
s00426,0004e53f,0004e523,0004e51a,0004e545
s00427,0004e54b,0004e4fd,0004e520,0004e507
s00428,0004e554,0004e59b,0004e583,0004e573
s00429,0004e570,0004e557,0004e555,0004e598
s00430,0004e574,0004e55a,0004e58f,0004e57b
s00431,0004e5da,0004e5d1,0004e5d5,0004e5f5
s00432,0004e5dc,0004e5b0,0004e600,0004e5bd
s00433,0004e5ed,0004e5b7,0004e5d3,0004e5e4
s00434,0004e60d,0004e648,0004e610,0004e644
s00435,0004e621,0004e62a,0004e619,0004e603
s00436,0004e654,0004e65d,0004e606,0004e643
s00437,0004e65f,0004e626,0004e640,0004e622
s00438,0004e68b,0004e67a,0004e66f,0004e67e
s00439,0004e6a4,0004e68f,0004e692,0004e6ac
s00440,0004e6c0,0004e684,0004e69c,0004e673
s00441,0004e6d5,0004e6ec,0004e6ca,0004e6c9
s00442,0004e6e9,0004e6c7,0004e6cb,0004e6d3
s00443,0004e6fa,0004e6fe,0004e6e2,0004e6fb
s00444,0004e743,0004e759,0004e723,0004e767
s00445,0004e745,0004e70d,0004e758,0004e73b
s00446,0004e755,0004e754,0004e716,0004e72b
s00447,0004e77c,0004e73c,0004e71a,0004e712
s00448,0004e7a1,0004e7c4,0004e7a6,0004e7ae
s00449,0004e7cb,0004e79c,0004e7ba,0004e7d8
s00450,0004e7e5,0004e7b3,0004e7a8,0004e7d9
s00451,0004e7f2,0004e826,0004e809,0004e808
s00452,0004e838,0004e7fc,0004e818,0004e7ec
s00453,0004e83c,0004e830,0004e814,0004e80d
s00454,0004e846,0004e8a0,0004e8b9,0004e8c2
s00455,0004e852,0004e8c1,0004e84e,0004e84a
s00456,0004e85d,0004e8b1,0004e8bc,0004e8b0
s00457,0004e87b,0004e8bb,0004e873,0004e899
s00458,0004e8ff,0004e8df,0004e8f5,0004e90e
s00459,0004e904,0004e8f9,0004e8c8,0004e8d0
s00460,0004e908,0004e8e8,0004e8c7,0004e8ee
s00461,0004e929,0004e952,0004e91a,0004e973
s00462,0004e92d,0004e945,0004e950,0004e932
s00463,0004e933,0004e918,0004e963,0004e95d
s00464,0004e995,0004e9d0,0004e993,0004e978
s00465,0004e9a6,0004e97e,0004e9b7,0004e99f
s00466,0004e9b5,0004e9ad,0004e996,0004e9d1
s00467,0004e9b9,0004e9cc,0004e99e,0004e9b1
s00468,0004e9ed,0004ea0d,0004ea28,0004ea0c
s00469,0004ea09,0004e9fe,0004ea17,0004e9ff
s00470,0004ea23,0004e9e3,0004ea03,0004e9d8
s00471,0004ea3a,0004ea47,0004ea2f,0004ea51
s00472,0004ea48,0004ea71,0004ea72,0004ea4b
s00473,0004ea5b,0004ea65,0004ea60,0004ea79
s00474,0004ea7e,0004eab8,0004ea9d,0004eadd
s00475,0004ea8e,0004eab2,0004ea87,0004eab3
s00476,0004ea9e,0004eaa2,0004eac3,0004eaa6
s00477,0004eab5,0004eace,0004eaaf,0004ea90
s00478,0004eb04,0004eb10,0004eb2b,0004eae4
s00479,0004eb12,0004eae9,0004eb1f,0004eb08
s00480,0004eb13,0004eaeb,0004eb1b,0004eb03
s00481,0004eb3b,0004eb82,0004eb76,0004eb41
s00482,0004eb45,0004eb5b,0004eb85,0004eb6e
s00483,0004eb67,0004eb30,0004eb5e,0004eb84
s00484,0004ebc0,0004eb94,0004ebe1,0004ebe2
s00485,0004ebda,0004ebf9,0004ebe4,0004ebb1
s00486,0004ebee,0004ebbe,0004ebce,0004ebb9
s00487,0004ebef,0004eb9e,0004ebc7,0004eba4
s00488,0004ec11,0004ec26,0004ec24,0004ec06
s00489,0004ec1c,0004ec3d,0004ec0c,0004ec3f
s00490,0004ec42,0004ec3e,0004ec0a,0004ec1a
s00491,0004ec52,0004ec7a,0004ec81,0004ec5d
s00492,0004ec58,0004ec7d,0004ec93,0004ec92
s00493,0004ec5b,0004ec59,0004ec4e,0004ec6b
s00494,0004eca7,0004eccb,0004ecef,0004ecbb
s00495,0004ecb5,0004ecd3,0004ecd5,0004ecc0
s00496,0004ece1,0004ecbe,0004ecea,0004ece4
s00497,0004ecff,0004ecb8,0004ecf7,0004ed02
s00498,0004ed09,0004ed26,0004ed4e,0004ed07
s00499,0004ed11,0004ed15,0004ed04,0004ed2f
s00500,0004ed2c,0004ed49,0004ed42,0004ed40
s00501,0004ed59,0004ed84,0004ed79,0004eda6
s00502,0004ed5f,0004ed9f,0004ed8b,0004edab
s00503,0004ed6b,0004ed99,0004ed54,0004ed90
s00504,0004eda7,0004ed74,0004ed92,0004edb6
s00505,0004edc8,0004edc7,0004edbd,0004edd2
s00506,0004edf0,0004ee08,0004ede0,0004edff
s00507,0004ee32,0004ee0a,0004ee18,0004edf6
s00508,0004ee35,0004ee28,0004ee30,0004ee33
s00509,0004ee37,0004ede3,0004ee05,0004ede4
s00510,0004ee57,0004ee81,0004ee73,0004ee6e
s00511,0004ee5f,0004ee84,0004eea1,0004ee8a
s00512,0004ee6b,0004ee9f,0004ee76,0004ee5d
s00513,0004eeb4,0004ef0f,0004ef05,0004ef02
s00514,0004eecb,0004eeb8,0004eee9,0004ef2a
s00515,0004eed5,0004ef2b,0004eeb7,0004ef03
s00516,0004ef24,0004eed7,0004ef09,0004ef32
s00517,0004ef44,0004ef86,0004ef4b,0004ef88
s00518,0004ef58,0004ef47,0004ef7d,0004ef52
s00519,0004ef6c,0004ef65,0004ef46,0004ef40
s00520,0004ef7f,0004ef81,0004ef36,0004ef85
s00521,0006cce5,0006ccf5,0006ccd9,0006cd14
s00522,0006cce8,0006cd25,0006cd15,0006cd0b
s00523,0006ccff,0006cd07,0006ccd8,0006cd2f
s00524,0006cd41,0006cd26,0006cd09,0006cd13
s00525,0006cd66,0006cdb9,0006cdae,0006cd7e
s00526,0006cda6,0006cdbd,0006cd9f,0006cdc7
s00527,0006cdb5,0006cd80,0006cd7d,0006cdb0
s00528,0006cdcb,0006cd71,0006cd50,0006cd63
s00529,0006cddc,0006cdcc,0006ce09,0006ce15
s00530,0006cdfa,0006cdef,0006ce0c,0006ce00
s00531,0006ce3d,0006ce52,0006ce86,0006ce4a
s00532,0006ce70,0006ce89,0006ce25,0006ce2c
s00533,0006ce78,0006ce55,0006ce7f,0006ce4b
s00534,0006ce7b,0006ce5b,0006ce57,0006ce26
s00535,0006cedf,0006cebc,0006ce99,0006ceb9
s00536,0006cee3,0006cede,0006ce95,0006ced2
s00537,0006ceef,0006ceab,0006cea5,0006cee0
s00538,0006cef1,0006ced5,0006ceba,0006ceb4
s00539,0006cef5,0006cf34,0006cf07,0006cf41
s00540,0006cf19,0006cf39,0006cf20,0006cefa
s00541,0006cf90,0006cf8b,0006cf81,0006cf78
s00542,0006cf9a,0006cf5b,0006cf71,0006cf94
s00543,0006cfc0,0006cf82,0006cf95,0006cfa7
s00544,0006cfc3,0006cf55,0006cfb2,0006cfa5
s00545,0006cfff,0006cff3,0006d006,0006d02b
s00546,0006d004,0006d001,0006d01a,0006cfd2
s00547,0006d02d,0006cfe1,0006d026,0006cffb
s00548,0006d036,0006d020,0006d01f,0006d021
s00549,0006d084,0006d063,0006d06d,0006d059
s00550,0006d0a6,0006d04a,0006d052,0006d070
s00551,0006d0cf,0006d0ed,0006d0b8,0006d10b
s00552,0006d0d2,0006d0d4,0006d0ab,0006d0c4
s00553,0006d100,0006d10c,0006d0e4,0006d0ae
s00554,0006d10a,0006d0e9,0006d0c8,0006d0d0
s00555,0006d119,0006d161,0006d160,0006d177
s00556,0006d11d,0006d136,0006d150,0006d14a
s00557,0006d17b,0006d12f,0006d183,0006d140
s00558,0006d188,0006d176,0006d153,0006d15d
s00559,0006d1c1,0006d1d6,0006d1a4,0006d1b3
s00560,0006d1d5,0006d18b,0006d195,0006d197
s00561,0006d1f6,0006d1ee,0006d1ff,0006d220
s00562,0006d206,0006d1e9,0006d20b,0006d202
s00563,0006d22d,0006d1f1,0006d1fa,0006d1e4
s00564,0006d23d,0006d227,0006d214,0006d207
s00565,0006d263,0006d255,0006d243,0006d2b3
s00566,0006d277,0006d25b,0006d294,0006d28b
s00567,0006d27a,0006d287,0006d265,0006d26e
s00568,0006d2ac,0006d29f,0006d270,0006d2a0
s00569,0006d2e5,0006d2ed,0006d2f6,0006d2f4
s00570,0006d317,0006d2cf,0006d2f8,0006d2dc
s00571,0006d35c,0006d366,0006d34b,0006d37e
s00572,0006d383,0006d34a,0006d334,0006d332
s00573,0006d384,0006d353,0006d381,0006d36e
s00574,0006d391,0006d364,0006d326,0006d348
s00575,0006d3d5,0006d3ca,0006d402,0006d3ad
s00576,0006d3e1,0006d3a5,0006d3fc,0006d3dc
s00577,0006d3f3,0006d3e6,0006d3ba,0006d3fa
s00578,0006d3f7,0006d3ea,0006d408,0006d3e5
s00579,0006d410,0006d42a,0006d42e,0006d41e
s00580,0006d42c,0006d425,0006d41d,0006d413
s00581,0006d485,0006d4a1,0006d47e,0006d4c3
s00582,0006d4a6,0006d4a4,0006d4c5,0006d482
s00583,0006d4ae,0006d4cd,0006d4b6,0006d48e
s00584,0006d4b9,0006d4a9,0006d484,0006d497
s00585,0006d4d4,0006d54d,0006d502,0006d53c
s00586,0006d53e,0006d4f5,0006d551,0006d53a
s00587,0006d542,0006d4e2,0006d525,0006d53f
s00588,0006d548,0006d550,0006d4da,0006d513
s00589,0006d57b,0006d59f,0006d581,0006d560
s00590,0006d589,0006d576,0006d57f,0006d558
s00591,0006d5bc,0006d5ee,0006d5cd,0006d5bb
s00592,0006d5d2,0006d5a8,0006d5b5,0006d5bf
s00593,0006d5f2,0006d5dc,0006d5e5,0006d5d7
s00594,0006d608,0006d606,0006d600,0006d5be
s00595,0006d60d,0006d61a,0006d63c,0006d659
s00596,0006d62a,0006d65b,0006d666,0006d66d
s00597,0006d654,0006d625,0006d63f,0006d651
s00598,0006d658,0006d60f,0006d61b,0006d624
s00599,0006d694,0006d68c,0006d681,0006d6b7
s00600,0006d6bc,0006d6a1,0006d685,0006d6ad
s00601,0006d6cf,0006d6e5,0006d6e3,0006d6db
s00602,0006d6eb,0006d6e4,0006d728,0006d6ea
s00603,0006d6ed,0006d6c5,0006d72d,0006d6fc
s00604,0006d707,0006d70b,0006d6ef,0006d700
s00605,0006d73a,0006d7a4,0006d789,0006d78d
s00606,0006d75d,0006d7a0,0006d763,0006d777
s00607,0006d793,0006d7a6,0006d79d,0006d742
s00608,0006d79e,0006d78c,0006d786,0006d759
s00609,0006d7d7,0006d7e5,0006d7fb,0006d7e9
s00610,0006d7f1,0006d7b0,0006d7f2,0006d7d6
s00611,0006d814,0006d864,0006d83b,0006d810
s00612,0006d822,0006d821,0006d827,0006d84e
s00613,0006d840,0006d828,0006d863,0006d81d
s00614,0006d860,0006d855,0006d82c,0006d7fd
s00615,0006d8b5,0006d89b,0006d895,0006d8c0
s00616,0006d8ba,0006d88e,0006d8c9,0006d88c
s00617,0006d8c4,0006d8c1,0006d8c2,0006d8b1
s00618,0006d8cb,0006d8c3,0006d8b9,0006d87d
s00619,0006d8f4,0006d90a,0006d8d6,0006d911
s00620,0006d909,0006d90e,0006d8e9,0006d8cd
s00621,0006d93f,0006d922,0006d927,0006d936
s00622,0006d949,0006d966,0006d972,0006d973
s00623,0006d95c,0006d95a,0006d93b,0006d926
s00624,0006d960,0006d93a,0006d97b,0006d942
s00625,0006d98b,0006d9ab,0006d9ef,0006d9e5
s00626,0006d9a3,0006d9ed,0006d9bc,0006d98d
s00627,0006d9a5,0006d98a,0006d9c7,0006d995
s00628,0006d9e4,0006d9c3,0006d9a2,0006d9e7
s00629,0006da20,0006da3d,0006da02,0006da37
s00630,0006da3f,0006da0c,0006da1f,0006da11
s00631,0006da6a,0006da72,0006da80,0006daa2
s00632,0006da81,0006da78,0006da99,0006da8a
s00633,0006daa1,0006da92,0006da6e,0006dac0
s00634,0006dab6,0006da6d,0006da8b,0006daab
s00635,0006dac9,0006dad8,0006dafc,0006db1f
s00636,0006daff,0006dacb,0006daca,0006db2c
s00637,0006db30,0006dad5,0006db45,0006db47
s00638,0006db44,0006dadd,0006db29,0006db41
s00639,0006db4b,0006db91,0006dbb0,0006db6d
s00640,0006db87,0006db8b,0006db7f,0006db95
s00641,0006dbc3,0006dc0e,0006dbba,0006dbe8
s00642,0006dc00,0006dbc2,0006dbce,0006dbd1
s00643,0006dc0a,0006dc1f,0006dbf2,0006dc13
s00644,0006dc1c,0006dbbb,0006dc0b,0006dbe9
s00645,0006dc67,0006dc41,0006dc74,0006dc8c
s00646,0006dc6d,0006dc5c,0006dc92,0006dc95
s00647,0006dc73,0006dc31,0006dc45,0006dc77
s00648,0006dc7b,0006dc54,0006dc78,0006dc87
s00649,0006dcb0,0006dcc7,0006dc99,0006dcb3
s00650,0006dcbd,0006dca3,0006dca6,0006dcba
s00651,0007caca,0007cb18,0007cac3,0007cb16
s00652,0007cafc,0007cb06,0007cb0d,0007caba
s00653,0007cafe,0007cafa,0007cada,0007caae
s00654,0007cb14,0007caed,0007cb1f,0007caf9
s00655,0007cb58,0007cb83,0007cb50,0007cb68
s00656,0007cb65,0007cb95,0007cb52,0007cb42
s00657,0007cb67,0007cb88,0007cb4e,0007cb53
s00658,0007cb99,0007cb35,0007cb71,0007cb56
s00659,0007cbd1,0007cbda,0007cbf2,0007cbe5
s00660,0007cbf6,0007cc04,0007cc03,0007cbef
s00661,0007cc0c,0007cc2d,0007cc44,0007cc2a
s00662,0007cc40,0007cc35,0007cc16,0007cc67
s00663,0007cc53,0007cc17,0007cc2f,0007cc1c
s00664,0007cc72,0007cc4a,0007cc08,0007cc23
s00665,0007cc8c,0007ccd8,0007cc8b,0007cc9e
s00666,0007ccad,0007ccde,0007cc8e,0007cc89
s00667,0007ccbc,0007cce4,0007ccb8,0007cc81
s00668,0007cccb,0007ccc7,0007ccc9,0007ccd7
s00669,0007ccfb,0007ccf1,0007cd03,0007cd04
s00670,0007cd3a,0007cd0a,0007cd17,0007cd12
s00671,0007cd50,0007cd77,0007cd4a,0007cdb1
s00672,0007cd5d,0007cd7d,0007cd6b,0007cd69
s00673,0007cd79,0007cd62,0007cd47,0007cd99
s00674,0007cda7,0007cd7e,0007cd60,0007cd74
s00675,0007cdc3,0007cdc7,0007ce10,0007cdbf
s00676,0007cdd9,0007cdfa,0007ce02,0007cdee
s00677,0007cde4,0007ce23,0007cdf0,0007cdb9
s00678,0007cdfd,0007ce0c,0007cdbe,0007cdd0
s00679,0007ce52,0007ce50,0007ce69,0007ce36
s00680,0007ce78,0007ce7f,0007ce6a,0007ce75
s00681,0007cea9,0007cf01,0007cee1,0007cf07
s00682,0007ceb8,0007ceac,0007cf06,0007cecf
s00683,0007ced4,0007ce9f,0007ce99,0007ceec
s00684,0007cefb,0007ceba,0007cf02,0007cec6
s00685,0007cf18,0007cf3a,0007cf51,0007cf5f
s00686,0007cf64,0007cf34,0007cf7f,0007cf52
s00687,0007cf68,0007cf48,0007cf61,0007cf33
s00688,0007cf6e,0007cf22,0007cf59,0007cf75
s00689,0007cfc8,0007cf9e,0007cfdd,0007cfaf
s00690,0007cfd1,0007cfb2,0007cfbb,0007cfda
s00691,0007d00b,0007d03e,0007d01c,0007d01d
s00692,0007d010,0007d012,0007d020,0007cffb
s00693,0007d049,0007cfe9,0007d05d,0007d027
s00694,0007d04a,0007d039,0007d048,0007d054
s00695,0007d086,0007d0c6,0007d07b,0007d0be
s00696,0007d08b,0007d0ba,0007d0b8,0007d0c0
s00697,0007d09b,0007d067,0007d0b4,0007d079
s00698,0007d0af,0007d0c5,0007d097,0007d0ca
s00699,0007d0e0,0007d0df,0007d103,0007d10b
s00700,0007d122,0007d10d,0007d0e4,0007d0e7
s00701,0007d146,0007d152,0007d1a0,0007d1a1
s00702,0007d173,0007d13e,0007d15e,0007d187
s00703,0007d186,0007d196,0007d175,0007d184
s00704,0007d1a8,0007d1ad,0007d18e,0007d19b
s00705,0007d1f3,0007d1f1,0007d1c0,0007d231
s00706,0007d203,0007d21c,0007d1b5,0007d217
s00707,0007d210,0007d228,0007d1fa,0007d1bc
s00708,0007d22d,0007d1d8,0007d215,0007d1b4
s00709,0007d26d,0007d274,0007d24e,0007d23e
s00710,0007d281,0007d255,0007d285,0007d27d
s00711,0007d2f1,0007d2f6,0007d2e9,0007d310
s00712,0007d304,0007d2b7,0007d301,0007d2af
s00713,0007d306,0007d2f2,0007d2b3,0007d30e
s00714,0007d307,0007d2aa,0007d2d5,0007d2e3
s00715,0007d331,0007d34d,0007d344,0007d32d
s00716,0007d337,0007d339,0007d32a,0007d34e
s00717,0007d362,0007d394,0007d364,0007d39b
s00718,0007d36c,0007d370,0007d399,0007d38c
s00719,0007d39a,0007d392,0007d376,0007d3b3
s00720,0007d3a3,0007d366,0007d3ce,0007d361
s00721,0007d3f3,0007d41b,0007d427,0007d3fb
s00722,0007d40f,0007d3e3,0007d406,0007d424
s00723,0007d425,0007d40b,0007d3f4,0007d401
s00724,0007d434,0007d3dc,0007d408,0007d42c
s00725,0007d44c,0007d47d,0007d458,0007d484
s00726,0007d48a,0007d47b,0007d463,0007d441
s00727,0007d49c,0007d4d1,0007d4d8,0007d4f4
s00728,0007d4d4,0007d4fd,0007d4f2,0007d4d7
s00729,0007d4ea,0007d4f0,0007d4eb,0007d4fa
s00730,0007d510,0007d519,0007d4c4,0007d4cb
s00731,0007d535,0007d520,0007d537,0007d523
s00732,0007d538,0007d521,0007d545,0007d51d
